备注	src/views/basic/material/finished/index.vue:196 [script], src/views/basic/material/raw/index.vue:198 [script], src/views/basic/material/semi-finished/index.vue:196 [script], src/views/basic/packaging/index.vue:172 [script], src/views/label/record/index.vue:155 [script], src/views/report/components/ReportForm.vue:75 [attr:label]
操作	src/views/auth/init-wizard/index.vue:229 [script], src/views/basic/customer/index.vue:276 [script], src/views/basic/material/finished/index.vue:197 [script], src/views/basic/material/index.vue:242 [script], src/views/basic/material/raw/index.vue:199 [script], src/views/basic/material/semi-finished/index.vue:197 [script]
创建时间	src/views/basic/customer/index.vue:275 [script], src/views/basic/material/index.vue:241 [script], src/views/basic/supplier/index.vue:535 [script], src/views/report/datasource/index.vue:268 [script], src/views/report/index.vue:154 [script], src/views/system/dict/index.vue:146 [script]
模块	src/views/system/dict/index.vue:141 [script], src/views/system/dict/index.vue:152 [script], src/views/system/i18nMessage/index.vue:135 [script], src/views/system/i18nMessage/index.vue:144 [script], src/views/system/operationLog/index.vue:157 [script], src/views/system/operationLog/index.vue:172 [script]
确认删除	src/views/basic/material/finished/index.vue:283 [script], src/views/basic/material/index.vue:339 [script], src/views/basic/material/raw/index.vue:285 [script], src/views/basic/material/semi-finished/index.vue:283 [script], src/views/basic/packaging/index.vue:240 [script], src/views/label/binding/index.vue:70 [script]
审批状态	src/views/basic/customer/index.vue:274 [script], src/views/basic/customer/index.vue:284 [script], src/views/basic/material/finished/index.vue:195 [script], src/views/basic/material/index.vue:240 [script], src/views/basic/material/index.vue:252 [script], src/views/basic/material/raw/index.vue:197 [script]
物料编码	src/views/basic/material/finished/index.vue:189 [script], src/views/basic/material/index.vue:232 [script], src/views/basic/material/index.vue:245 [script], src/views/basic/material/raw/index.vue:191 [script], src/views/basic/material/semi-finished/index.vue:189 [script], src/views/label/record/index.vue:147 [script]
物料名称	src/views/basic/material/finished/index.vue:190 [script], src/views/basic/material/index.vue:233 [script], src/views/basic/material/index.vue:246 [script], src/views/basic/material/raw/index.vue:192 [script], src/views/basic/material/semi-finished/index.vue:190 [script], src/views/label/record/index.vue:148 [script]
账号	src/views/system/online/index.vue:104 [script], src/views/system/online/index.vue:115 [script], src/views/system/operationLog/index.vue:156 [script], src/views/system/operationLog/index.vue:171 [script], src/views/system/user/components/UserDetail.vue:13 [attr:label], src/views/system/user/components/UserFormDialog.vue:21 [attr:label]
状态	src/views/basic/material/finished/index.vue:194 [script], src/views/basic/material/index.vue:239 [script], src/views/basic/material/index.vue:251 [script], src/views/basic/material/raw/index.vue:196 [script], src/views/basic/material/semi-finished/index.vue:194 [script], src/views/basic/packaging/index.vue:171 [script]
半成品	src/views/basic/material/finished/index.vue:175 [script], src/views/basic/material/index.vue:179 [script], src/views/basic/material/index.vue:185 [script], src/views/basic/material/raw/index.vue:177 [script], src/views/basic/material/semi-finished/index.vue:175 [script]
成品	src/views/basic/material/finished/index.vue:176 [script], src/views/basic/material/index.vue:180 [script], src/views/basic/material/index.vue:186 [script], src/views/basic/material/raw/index.vue:178 [script], src/views/basic/material/semi-finished/index.vue:176 [script]
基础数据	src/views/basic/material/finished/index.vue:5 [text], src/views/basic/material/index.vue:5 [text], src/views/basic/material/raw/index.vue:5 [text], src/views/basic/material/semi-finished/index.vue:5 [text], src/views/basic/packaging/index.vue:5 [text]
计量单位	src/views/basic/material/finished/index.vue:192 [script], src/views/basic/material/index.vue:237 [script], src/views/basic/material/index.vue:249 [script], src/views/basic/material/raw/index.vue:194 [script], src/views/basic/material/semi-finished/index.vue:192 [script]
品牌	src/views/basic/material/finished/index.vue:193 [script], src/views/basic/material/index.vue:238 [script], src/views/basic/material/index.vue:250 [script], src/views/basic/material/raw/index.vue:195 [script], src/views/basic/material/semi-finished/index.vue:193 [script]
启用	src/views/basic/currency/index.vue:128 [script], src/views/basic/material/index.vue:198 [script], src/views/label/template/components/TemplateFormDialog.vue:84 [text], src/views/label/template/index.vue:88 [script], src/views/report/components/ReportForm.vue:70 [text]
提示	src/views/report/components/ReportDesigner.vue:15 [attr:message], src/views/report/components/ReportPreview.vue:14 [attr:message], src/views/report/datasource/index.vue:408 [script], src/views/report/index.vue:275 [script], src/views/system/dict/index.vue:307 [script]
已驳回	src/views/basic/customer/index.vue:236 [script], src/views/basic/material/finished/index.vue:184 [script], src/views/basic/material/index.vue:194 [script], src/views/basic/material/raw/index.vue:186 [script], src/views/basic/material/semi-finished/index.vue:184 [script]
用户名	src/views/report/datasource/index.vue:266 [script], src/views/system/dashboard/index.vue:349 [script], src/views/system/online/index.vue:105 [script], src/views/system/user/components/UserDetail.vue:10 [attr:label], src/views/system/user/components/UserFormDialog.vue:30 [attr:label]
原材料	src/views/basic/material/finished/index.vue:174 [script], src/views/basic/material/index.vue:178 [script], src/views/basic/material/index.vue:184 [script], src/views/basic/material/raw/index.vue:176 [script], src/views/basic/material/semi-finished/index.vue:174 [script]
供应商名称	src/views/basic/supplier/index.vue:519 [script], src/views/basic/supplier/index.vue:529 [script], src/views/label/template/components/LabelTemplateEditor.vue:270 [script], src/views/workflow/form/SupplierReviewForm.vue:37 [attr:label]
关联租户	src/views/basic/customer/index.vue:273 [script], src/views/basic/customer/index.vue:285 [script], src/views/basic/supplier/index.vue:533 [script], src/views/system/user/components/UserDetail.vue:57 [text]
规格型号	src/views/basic/material/finished/index.vue:191 [script], src/views/basic/material/index.vue:236 [script], src/views/basic/material/raw/index.vue:193 [script], src/views/basic/material/semi-finished/index.vue:191 [script]
禁用	src/views/basic/currency/index.vue:128 [script], src/views/label/template/components/TemplateFormDialog.vue:87 [text], src/views/label/template/index.vue:89 [script], src/views/report/components/ReportForm.vue:71 [text]
描述	src/views/label/template/components/TemplateFormDialog.vue:103 [attr:label], src/views/system/module/index.vue:190 [script], src/views/system/module/index.vue:200 [script], src/views/system/role/index.vue:229 [script]
排序	src/views/basic/packaging/index.vue:170 [script], src/views/system/dict/index.vue:143 [script], src/views/system/position/index.vue:213 [script], src/views/system/userTableConfig/index.vue:282 [script]
其它	src/views/basic/material/finished/index.vue:177 [script], src/views/basic/material/index.vue:187 [script], src/views/basic/material/raw/index.vue:179 [script], src/views/basic/material/semi-finished/index.vue:177 [script]
无需审批	src/views/basic/material/finished/index.vue:181 [script], src/views/basic/material/index.vue:191 [script], src/views/basic/material/raw/index.vue:183 [script], src/views/basic/material/semi-finished/index.vue:181 [script]
已审批	src/views/basic/material/finished/index.vue:183 [script], src/views/basic/material/index.vue:193 [script], src/views/basic/material/raw/index.vue:185 [script], src/views/basic/material/semi-finished/index.vue:183 [script]
报表编码	src/views/report/components/ReportForm.vue:26 [attr:label], src/views/report/index.vue:148 [script], src/views/report/index.vue:159 [script]
报表名称	src/views/report/components/ReportForm.vue:17 [attr:label], src/views/report/index.vue:147 [script], src/views/report/index.vue:158 [script]
操作时间	src/views/system/dashboard/index.vue:308 [script], src/views/system/operationLog/index.vue:166 [script], src/views/system/operationLog/index.vue:173 [script]
产品标签	src/views/label/print/index.vue:9 [text], src/views/label/template/components/TemplateFormDialog.vue:42 [text], src/views/label/template/index.vue:92 [script]
打印时间	src/views/label/record/index.vue:153 [script], src/views/label/record/index.vue:164 [script], src/views/label/template/components/LabelTemplateEditor.vue:269 [script]
登录时间	src/views/system/dashboard/index.vue:343 [script], src/views/system/loginLog/index.vue:48 [script], src/views/system/loginLog/index.vue:57 [script]
供应商编码	src/views/basic/supplier/index.vue:518 [script], src/views/basic/supplier/index.vue:528 [script], src/views/workflow/form/SupplierReviewForm.vue:36 [attr:label]
客户名称	src/views/basic/customer/index.vue:269 [script], src/views/basic/customer/index.vue:280 [script], src/views/label/template/components/LabelTemplateEditor.vue:271 [script]
模板类型	src/views/label/record/index.vue:145 [script], src/views/label/record/index.vue:160 [script], src/views/label/template/components/TemplateFormDialog.vue:36 [attr:label]
删除	src/views/system/operationLog/index.vue:139 [script], src/views/system/user/components/UserFormDialog.vue:262 [text], src/views/system/user/components/UserProfileForm.vue:119 [text]
审查状态	src/views/basic/supplier/index.vue:524 [script], src/views/basic/supplier/index.vue:534 [script], src/views/workflow/form/SupplierReviewForm.vue:38 [attr:label]
未审批	src/views/basic/material/finished/index.vue:182 [script], src/views/basic/material/raw/index.vue:184 [script], src/views/basic/material/semi-finished/index.vue:182 [script]
信用等级	src/views/basic/customer/index.vue:271 [script], src/views/basic/customer/index.vue:282 [script], src/views/basic/supplier/index.vue:522 [script]
引擎类型	src/views/report/components/ReportForm.vue:36 [attr:label], src/views/report/index.vue:149 [script], src/views/report/index.vue:160 [script]
标题	src/views/system/message/index.vue:18 [attr:label], src/views/system/userTableConfig/index.vue:269 [script]
表格编码	src/views/system/userTableConfig/index.vue:5 [attr:label], src/views/system/userTableConfig/index.vue:209 [script]
操作人	src/views/label/record/index.vue:152 [script], src/views/system/dashboard/index.vue:314 [script]
创建人	src/views/system/module/index.vue:192 [script], src/views/system/role/index.vue:231 [script]
打印类型	src/views/label/print/index.vue:6 [attr:label], src/views/label/record/index.vue:154 [script]
打印流水号	src/views/label/record/index.vue:143 [script], src/views/label/record/index.vue:159 [script]
打印数据	src/views/label/print/index.vue:80 [attr:label], src/views/label/print/index.vue:73 [text]
打印张数	src/views/label/print/index.vue:31 [attr:label], src/views/label/record/index.vue:151 [script]
导出	src/views/basic/supplier/index.vue:14 [text], src/views/system/operationLog/index.vue:141 [script]
登录账号	src/views/system/loginLog/index.vue:46 [script], src/views/system/loginLog/index.vue:55 [script]
登录状态	src/views/system/loginLog/index.vue:47 [script], src/views/system/loginLog/index.vue:56 [script]
岗位	src/views/system/user/components/UserDetail.vue:37 [attr:label], src/views/system/user/components/UserFormDialog.vue:92 [attr:label]
岗位编码	src/views/system/position/index.vue:211 [script], src/views/system/position/index.vue:221 [script]
岗位名称	src/views/system/position/index.vue:210 [script], src/views/system/position/index.vue:220 [script]
更新时间	src/views/system/module/index.vue:194 [script], src/views/system/role/index.vue:233 [script]
工作经历	src/views/system/user/components/UserFormDialog.vue:237 [text], src/views/system/user/components/UserProfileForm.vue:88 [text]
工作描述	src/views/system/user/components/UserFormDialog.vue:293 [attr:label], src/views/system/user/components/UserProfileForm.vue:151 [attr:label]
公司名称	src/views/system/user/components/UserFormDialog.vue:246 [attr:label], src/views/system/user/components/UserProfileForm.vue:97 [attr:label]
关联员工ID	src/views/system/user/components/UserDetail.vue:22 [attr:label], src/views/system/user/components/UserFormDialog.vue:109 [attr:label]
国企	src/views/basic/customer/index.vue:239 [script], src/views/basic/supplier/index.vue:453 [script]
合资	src/views/basic/customer/index.vue:242 [script], src/views/basic/supplier/index.vue:456 [script]
合作状态	src/views/basic/supplier/index.vue:520 [script], src/views/basic/supplier/index.vue:530 [script]
核心	src/views/basic/customer/index.vue:247 [script], src/views/basic/supplier/index.vue:443 [script]
基础信息	src/views/system/config/index.vue:1066 [script], src/views/system/user/components/UserFormDialog.vue:11 [attr:tab]
家庭住址	src/views/system/user/components/UserFormDialog.vue:198 [attr:label], src/views/system/user/components/UserProfileForm.vue:47 [attr:label]
价值等级	src/views/basic/customer/index.vue:270 [script], src/views/basic/customer/index.vue:281 [script]
角色编码	src/views/system/role/index.vue:228 [script], src/views/system/role/index.vue:238 [script]
角色名称	src/views/system/role/index.vue:227 [script], src/views/system/role/index.vue:237 [script]
结束时间	src/views/system/user/components/UserFormDialog.vue:280 [attr:label], src/views/system/user/components/UserProfileForm.vue:138 [attr:label]
介绍人	src/views/system/user/components/UserFormDialog.vue:228 [attr:label], src/views/system/user/components/UserProfileForm.vue:78 [attr:label]
紧急联系电话	src/views/system/user/components/UserFormDialog.vue:217 [attr:label], src/views/system/user/components/UserProfileForm.vue:67 [attr:label]
紧急联系人	src/views/system/user/components/UserFormDialog.vue:209 [attr:label], src/views/system/user/components/UserProfileForm.vue:58 [attr:label]
经营状态	src/views/basic/customer/index.vue:272 [script], src/views/basic/customer/index.vue:283 [script]
开始时间	src/views/system/user/components/UserFormDialog.vue:270 [attr:label], src/views/system/user/components/UserProfileForm.vue:127 [attr:label]
客户	src/views/auth/init-wizard/index.vue:67 [text], src/views/label/print/index.vue:64 [attr:label]
客户编码	src/views/basic/customer/index.vue:268 [script], src/views/basic/customer/index.vue:279 [script]
客户唛头	src/views/label/print/index.vue:11 [text], src/views/label/template/components/TemplateFormDialog.vue:54 [text]
模板名称	src/views/label/record/index.vue:144 [script], src/views/label/template/components/TemplateFormDialog.vue:25 [attr:label]
模块编码	src/views/system/module/index.vue:189 [script], src/views/system/module/index.vue:199 [script]
模块名称	src/views/system/module/index.vue:188 [script], src/views/system/module/index.vue:198 [script]
默认	src/views/label/print/index.vue:25 [text], src/views/system/user/components/UserDetail.vue:67 [text]
批次标签	src/views/label/template/components/TemplateFormDialog.vue:48 [text], src/views/label/template/index.vue:94 [script]
批次号	src/views/label/record/index.vue:150 [script], src/views/label/template/components/LabelTemplateEditor.vue:267 [script]
普通	src/views/auth/init-wizard/index.vue:14 [text], src/views/basic/customer/index.vue:250 [script]
请输入工作描述	src/views/system/user/components/UserFormDialog.vue:296 [attr:placeholder], src/views/system/user/components/UserProfileForm.vue:154 [attr:placeholder]
请输入公司名称	src/views/system/user/components/UserFormDialog.vue:249 [attr:placeholder], src/views/system/user/components/UserProfileForm.vue:100 [attr:placeholder]
请输入家庭住址	src/views/system/user/components/UserFormDialog.vue:201 [attr:placeholder], src/views/system/user/components/UserProfileForm.vue:50 [attr:placeholder]
请输入介绍人	src/views/system/user/components/UserFormDialog.vue:231 [attr:placeholder], src/views/system/user/components/UserProfileForm.vue:81 [attr:placeholder]
请输入紧急联系电话	src/views/system/user/components/UserFormDialog.vue:220 [attr:placeholder], src/views/system/user/components/UserProfileForm.vue:70 [attr:placeholder]
请输入紧急联系人	src/views/system/user/components/UserFormDialog.vue:212 [attr:placeholder], src/views/system/user/components/UserProfileForm.vue:61 [attr:placeholder]
请输入职位	src/views/system/user/components/UserFormDialog.vue:257 [attr:placeholder], src/views/system/user/components/UserProfileForm.vue:109 [attr:placeholder]
请选择结束时间	src/views/system/user/components/UserFormDialog.vue:283 [attr:placeholder], src/views/system/user/components/UserProfileForm.vue:141 [attr:placeholder]
请选择开始时间	src/views/system/user/components/UserFormDialog.vue:273 [attr:placeholder], src/views/system/user/components/UserProfileForm.vue:130 [attr:placeholder]
请选择学历	src/views/system/user/components/UserFormDialog.vue:162 [attr:placeholder], src/views/system/user/components/UserProfileForm.vue:29 [attr:placeholder]
请选择政治面貌	src/views/system/user/components/UserFormDialog.vue:149 [attr:placeholder], src/views/system/user/components/UserProfileForm.vue:13 [attr:placeholder]
入职时间	src/views/system/user/components/UserDetail.vue:31 [attr:label], src/views/system/user/components/UserFormDialog.vue:66 [attr:label]
手机号	src/views/system/user/components/UserDetail.vue:19 [attr:label], src/views/system/user/components/UserFormDialog.vue:46 [attr:label]
数据库类型	src/views/report/datasource/index.vue:264 [script], src/views/report/datasource/index.vue:274 [script]
数据源	src/views/report/components/ReportForm.vue:58 [attr:label], src/views/report/index.vue:151 [script]
数据源编码	src/views/report/datasource/index.vue:263 [script], src/views/report/datasource/index.vue:273 [script]
数据源名称	src/views/report/datasource/index.vue:262 [script], src/views/report/datasource/index.vue:272 [script]
所属部门	src/views/system/user/components/UserDetail.vue:34 [attr:label], src/views/system/user/components/UserFormDialog.vue:79 [attr:label]
条码号	src/views/label/record/index.vue:146 [script], src/views/label/record/index.vue:161 [script]
外资	src/views/basic/customer/index.vue:241 [script], src/views/basic/supplier/index.vue:455 [script]
未关联	src/views/basic/customer/index.vue:258 [script], src/views/basic/supplier/index.vue:506 [script]
物料标签	src/views/label/template/components/TemplateFormDialog.vue:45 [text], src/views/label/template/index.vue:93 [script]
物料分类	src/views/basic/material/index.vue:235 [script], src/views/basic/material/index.vue:248 [script]
物料类型	src/views/basic/material/index.vue:234 [script], src/views/basic/material/index.vue:247 [script]
消息编码	src/views/system/i18nMessage/index.vue:136 [script], src/views/system/i18nMessage/index.vue:145 [script]
新增	src/views/system/operationLog/index.vue:135 [script], src/views/system/operationLog/index.vue:136 [script]
性别	src/views/system/user/components/UserDetail.vue:28 [attr:label], src/views/system/user/components/UserFormDialog.vue:57 [attr:label]
修改	src/views/system/operationLog/index.vue:137 [script], src/views/system/operationLog/index.vue:138 [script]
序号	src/views/label/record/index.vue:304 [script], src/views/label/record/index.vue:311 [script]
选择模板	src/views/label/binding/components/BindingFormDialog.vue:11 [attr:label], src/views/label/print/index.vue:21 [attr:label]
学历	src/views/system/user/components/UserFormDialog.vue:159 [attr:label], src/views/system/user/components/UserProfileForm.vue:26 [attr:label]
已关联	src/views/basic/customer/index.vue:258 [script], src/views/basic/supplier/index.vue:505 [script]
用户来源	src/views/system/user/components/UserDetail.vue:25 [attr:label], src/views/system/user/components/UserFormDialog.vue:117 [attr:label]
用户名称	src/views/system/operationLog/index.vue:155 [script], src/views/system/operationLog/index.vue:170 [script]
邮箱	src/views/system/user/components/UserDetail.vue:16 [attr:label], src/views/system/user/components/UserFormDialog.vue:38 [attr:label]
政治面貌	src/views/system/user/components/UserFormDialog.vue:146 [attr:label], src/views/system/user/components/UserProfileForm.vue:10 [attr:label]
职位	src/views/system/user/components/UserFormDialog.vue:254 [attr:label], src/views/system/user/components/UserProfileForm.vue:106 [attr:label]
字典编码	src/views/system/dict/index.vue:139 [script], src/views/system/dict/index.vue:150 [script]
字典名称	src/views/system/dict/index.vue:140 [script], src/views/system/dict/index.vue:151 [script]
字段名	src/views/label/record/index.vue:305 [script], src/views/system/userTableConfig/index.vue:263 [script]
租户	src/views/auth/init-wizard/index.vue:71 [text], src/views/system/online/index.vue:107 [script]
组件库	src/views/label/template/components/LabelTemplateEditor.vue:7 [attr:title], src/views/label/template/components/LabelTemplateEditor.vue:11 [text]
最后登录时间	src/views/system/online/index.vue:108 [script], src/views/system/user/components/UserDetail.vue:46 [attr:label]
B端	src/views/system/menu/index.vue:6 [attr:tab], src/views/system/online/index.vue:81 [script]
C端	src/views/system/menu/index.vue:7 [attr:tab], src/views/system/online/index.vue:82 [script]
IP 地址	src/views/system/dashboard/index.vue:355 [script], src/views/system/operationLog/index.vue:165 [script]
版本	src/views/system/i18nMessage/index.vue:139 [script]
半成品管理	src/views/basic/material/semi-finished/index.vue:6 [text]
绑定维度（智能匹配使用）	src/views/label/print/index.vue:45 [text]
包装编码	src/views/basic/packaging/index.vue:160 [script]
包装材料	src/views/basic/packaging/index.vue:162 [script]
包装方式管理	src/views/basic/packaging/index.vue:6 [text]
包装名称	src/views/basic/packaging/index.vue:161 [script]
报表 ID	src/views/report/index.vue:146 [script]
报表分类	src/views/report/components/ReportForm.vue:47 [attr:label]
报表状态	src/views/report/components/ReportForm.vue:68 [attr:label]
本科	src/views/system/user/components/UserProfileForm.vue:37 [text]
币种与汇率管理	src/views/basic/currency/index.vue:6 [text]
币种主数据	src/views/basic/currency/index.vue:17 [attr:tab]
编码	src/views/auth/init-wizard/index.vue:227 [script]
标签打印	src/views/label/print/index.vue:3 [attr:title]
表格名称	src/views/system/userTableConfig/index.vue:215 [script]
博士	src/views/system/user/components/UserProfileForm.vue:39 [text]
补偿中心	src/views/workflow/governance/compensation/index.vue:15 [attr:message]
不选则自动匹配	src/views/label/print/index.vue:22 [attr:placeholder]
操作类型	src/views/system/operationLog/index.vue:158 [script]
操作模块	src/views/system/dashboard/index.vue:320 [script]
操作内容	src/views/system/dashboard/index.vue:326 [script]
测试	src/views/auth/init-wizard/index.vue:66 [text]
查询	src/views/system/operationLog/index.vue:140 [script]
成品管理	src/views/basic/material/finished/index.vue:6 [text]
初始密码	src/views/auth/init-wizard/index.vue:19 [text]
初始值是第一个流水号，流水位数不足时会补零，例如初始值 1、位数 6 会生成 000001。	src/views/system/encodeRule/components/EncodeRuleFormDialog.vue:158 [text]
初中	src/views/system/user/components/UserProfileForm.vue:33 [text]
此值用于所有用户初始密码，重置密码将恢复为此值	src/views/auth/init-wizard/index.vue:20 [text]
打印	src/views/label/print/index.vue:91 [text]
打印数据 JSON 格式	src/views/label/print/index.vue:81 [attr:placeholder]
打印预览	src/views/label/print/index.vue:100 [attr:title]
大专	src/views/system/user/components/UserProfileForm.vue:36 [text]
待审供应商	src/views/workflow/form/SupplierReviewForm.vue:21 [attr:label]
待审批	src/views/basic/material/index.vue:192 [script]
单位成本	src/views/basic/packaging/index.vue:169 [script]
当前页面用于维护当前登录用户的列偏好设置。页面和按钮是否可见仍取决于角色菜单授权，这里仅负责保存已授权页面的个性化列显示。	src/views/system/userTableConfig/index.vue:31 [attr:description]
当前语言内容	src/views/system/i18nMessage/index.vue:137 [script]
导入	src/views/system/operationLog/index.vue:142 [script]
登出	src/views/system/operationLog/index.vue:144 [script]
登录	src/views/system/operationLog/index.vue:143 [script]
登录 IP	src/views/system/loginLog/index.vue:49 [script]
登录地点	src/views/system/dashboard/index.vue:361 [script]
登录地区	src/views/system/online/index.vue:110 [script]
登录端	src/views/system/online/index.vue:106 [script]
低	src/views/auth/init-wizard/index.vue:15 [text]
第三方	src/views/system/online/index.vue:83 [script]
调用模式	src/views/integrationPlatform/apiCallLog/components/ApiCallLogDetailDialog.vue:37 [attr:label]
非默认	src/views/system/user/components/UserDetail.vue:68 [text]
分级	src/views/basic/supplier/index.vue:532 [script]
分类	src/views/report/index.vue:150 [script]
风险等级	src/views/basic/supplier/index.vue:523 [script]
附属信息（可选）	src/views/system/user/components/UserFormDialog.vue:137 [attr:tab]
复制响应结果	src/views/integrationPlatform/apiCallLog/components/ApiCallLogDetailDialog.vue:77 [text]
复制组装后参数	src/views/integrationPlatform/apiCallLog/components/ApiCallLogDetailDialog.vue:67 [text]
复制组装前参数	src/views/integrationPlatform/apiCallLog/components/ApiCallLogDetailDialog.vue:57 [text]
岗位级别	src/views/system/position/index.vue:212 [script]
高	src/views/auth/init-wizard/index.vue:13 [text]
高中	src/views/system/user/components/UserProfileForm.vue:34 [text]
告警	src/views/system/message/index.vue:9 [text]
个人简介	src/views/system/user/components/UserFormDialog.vue:186 [attr:label]
个人首页	src/views/system/config/index.vue:1060 [script]
工厂	src/views/label/print/index.vue:36 [attr:label]
工厂名称	src/views/label/template/components/LabelTemplateEditor.vue:272 [script]
工程卡包装标签	src/views/label/print/index.vue:14 [text]
工程卡号	src/views/label/print/index.vue:75 [attr:label]
工位标签	src/views/label/template/components/TemplateFormDialog.vue:57 [text]
工位标识标签	src/views/label/print/index.vue:15 [text]
公共配置	src/views/system/tableConfig/index.vue:19 [text]
供应商	src/views/label/print/index.vue:56 [attr:label]
供应商标签	src/views/label/template/components/TemplateFormDialog.vue:51 [text]
供应商分级	src/views/basic/supplier/index.vue:521 [script]
供应商主数据	src/views/basic/supplier/index.vue:6 [text]
供应商ID	src/views/workflow/form/SupplierReviewForm.vue:35 [attr:label]
共青团员	src/views/system/user/components/UserProfileForm.vue:17 [text]
关闭	src/views/label/template/components/TemplateDetailDrawer.vue:10 [text]
管理半成品物料信息，支持新增、编辑、删除和审批操作。	src/views/basic/material/semi-finished/index.vue:7 [text]
管理成品物料信息，支持新增、编辑、删除和审批操作。	src/views/basic/material/finished/index.vue:7 [text]
管理原材料物料信息，支持新增、编辑、删除和审批操作。	src/views/basic/material/raw/index.vue:7 [text]
归属地	src/views/system/loginLog/index.vue:50 [script]
耗时	src/views/system/operationLog/index.vue:164 [script]
滑块验证码	src/views/auth/init-wizard/index.vue:29 [text]
会话剩余时长	src/views/system/online/index.vue:111 [script]
基本信息	src/views/label/template/components/TemplateFormDialog.vue:13 [attr:title]
集中处理未激活待办实例与超时待办实例，作为审批流三期治理能力的运营入口。	src/views/workflow/governance/compensation/index.vue:16 [attr:description]
籍贯	src/views/system/user/components/UserFormDialog.vue:175 [attr:label]
简介	src/views/auth/init-wizard/index.vue:228 [script]
角色	src/views/auth/init-wizard/index.vue:62 [text]
接口编码	src/views/integrationPlatform/apiCallLog/components/ApiCallLogDetailDialog.vue:14 [attr:label]
接口名称	src/views/integrationPlatform/apiCallLog/components/ApiCallLogDetailDialog.vue:11 [attr:label]
结果类型	src/views/integrationPlatform/apiCallLog/components/ApiCallLogDetailDialog.vue:43 [attr:label]
金牌	src/views/basic/customer/index.vue:248 [script]
仅提醒	src/views/workflow/taskConfig/nodes.vue:587 [script]
开发者	src/views/auth/init-wizard/index.vue:65 [text]
开启验证码	src/views/auth/init-wizard/index.vue:25 [text]
客户账号默认为 custom，不支持在此创建更多客户用户	src/views/auth/init-wizard/index.vue:59 [text]
客户主数据	src/views/basic/customer/index.vue:6 [text]
库位标签	src/views/label/template/components/TemplateFormDialog.vue:63 [text]
拉取公共配置	src/views/system/tableConfig/index.vue:26 [text]
来料标签	src/views/label/print/index.vue:8 [text]
连接地址 URL	src/views/report/datasource/index.vue:265 [script]
链路ID	src/views/integrationPlatform/apiCallLog/components/ApiCallLogDetailDialog.vue:31 [attr:label]
浏览器 UA	src/views/system/loginLog/index.vue:51 [script]
流水位数	src/views/system/encodeRule/components/EncodeRuleFormDialog.vue:145 [text]
密码加密方式	src/views/auth/init-wizard/index.vue:33 [text]
密码强度	src/views/auth/init-wizard/index.vue:10 [text]
密码与验证码安全策略初始化	src/views/auth/init-wizard/index.vue:6 [text]
民企	src/views/basic/customer/index.vue:240 [script]
民营	src/views/basic/supplier/index.vue:454 [script]
民主党派	src/views/system/user/components/UserProfileForm.vue:19 [text]
名称	src/views/auth/init-wizard/index.vue:226 [script]
明细信息	src/views/system/encodeRule/components/EncodeRuleFormDialog.vue:71 [attr:tab]
模板版本	src/views/label/template/components/TemplateFormDialog.vue:69 [attr:label]
模板编码	src/views/label/template/components/TemplateFormDialog.vue:16 [attr:label]
模板内容设计	src/views/label/template/components/TemplateFormDialog.vue:115 [attr:title]
模板详情	src/views/label/template/components/TemplateDetailDrawer.vue:5 [attr:title]
默认 Aa123456	src/views/auth/init-wizard/index.vue:21 [attr:placeholder]
默认分页大小	src/views/system/userTableConfig/index.vue:222 [script]
配置版本	src/views/system/userTableConfig/index.vue:241 [script]
配置状态	src/views/system/userTableConfig/index.vue:235 [script]
批量催办	src/views/workflow/myTask/pending.vue:33 [text]
批量强制下线	src/views/system/online/index.vue:28 [text]
批量删除	src/views/label/template/index.vue:16 [text]
批量同意	src/views/workflow/myTask/pending.vue:19 [text]
批量转交	src/views/workflow/myTask/pending.vue:26 [text]
普通客户	src/views/basic/customer/index.vue:227 [script]
起始值	src/views/system/encodeRule/components/EncodeRuleFormDialog.vue:132 [text]
潜在	src/views/basic/supplier/index.vue:435 [script]
请求 URL	src/views/system/operationLog/index.vue:160 [script]
请求参数	src/views/system/operationLog/index.vue:161 [script]
请求方法	src/views/system/operationLog/index.vue:159 [script]
请输入报表编码，首字母必须为字母，可包含字母、数字和下划线	src/views/report/components/ReportForm.vue:29 [attr:placeholder]
请输入报表名称	src/views/report/components/ReportForm.vue:20 [attr:placeholder]
请输入备注	src/views/report/components/ReportForm.vue:78 [attr:placeholder]
请输入标题	src/views/system/message/index.vue:19 [attr:placeholder]
请输入表格编码	src/views/system/userTableConfig/index.vue:8 [attr:placeholder]
请输入个人简介	src/views/system/user/components/UserFormDialog.vue:189 [attr:placeholder]
请输入关联员工ID	src/views/system/user/components/UserFormDialog.vue:112 [attr:placeholder]
请输入籍贯	src/views/system/user/components/UserFormDialog.vue:178 [attr:placeholder]
请输入模板编码	src/views/label/template/components/TemplateFormDialog.vue:19 [attr:placeholder]
请输入模板描述	src/views/label/template/components/TemplateFormDialog.vue:106 [attr:placeholder]
请输入模板名称	src/views/label/template/components/TemplateFormDialog.vue:28 [attr:placeholder]
请输入手机号	src/views/system/user/components/UserFormDialog.vue:49 [attr:placeholder]
请输入用户名	src/views/system/user/components/UserFormDialog.vue:33 [attr:placeholder]
请输入邮箱	src/views/system/user/components/UserFormDialog.vue:41 [attr:placeholder]
请输入账号	src/views/system/user/components/UserFormDialog.vue:24 [attr:placeholder]
请选择报表分类	src/views/report/components/ReportForm.vue:51 [attr:placeholder]
请选择标签类型	src/views/label/print/index.vue:7 [attr:placeholder]
请选择部门	src/views/system/user/components/UserFormDialog.vue:82 [attr:placeholder]
请选择待审供应商	src/views/workflow/form/SupplierReviewForm.vue:29 [attr:placeholder]
请选择岗位	src/views/system/user/components/UserFormDialog.vue:95 [attr:placeholder]
请选择工厂	src/views/label/print/index.vue:37 [attr:placeholder]
请选择供应商	src/views/label/print/index.vue:57 [attr:placeholder]
请选择客户	src/views/label/print/index.vue:65 [attr:placeholder]
请选择密码强度、初始密码、验证码与加密方式	src/views/auth/init-wizard/index.vue:7 [text]
请选择模板	src/views/label/binding/components/BindingFormDialog.vue:14 [attr:placeholder]
请选择模板类型	src/views/label/template/components/TemplateFormDialog.vue:39 [attr:placeholder]
请选择入职时间	src/views/system/user/components/UserFormDialog.vue:69 [attr:placeholder]
请选择数据源	src/views/report/components/ReportForm.vue:62 [attr:placeholder]
请选择物料	src/views/label/print/index.vue:48 [attr:placeholder]
请选择消息类型	src/views/system/message/index.vue:6 [attr:placeholder]
请选择状态	src/views/system/message/index.vue:13 [attr:placeholder]
取消	src/views/label/template/components/TemplateFormDialog.vue:126 [text]
全部	src/views/basic/material/index.vue:177 [script]
确定删除该版本吗？	src/views/system/androidVersion/index.vue:380 [script]
确认批量强制下线	src/views/system/online/index.vue:216 [script]
确认批量删除	src/views/label/template/index.vue:148 [script]
确认强制下线	src/views/system/online/index.vue:201 [script]
确认删除币种？	src/views/basic/currency/index.vue:208 [script]
确认删除供应商？	src/views/basic/supplier/index.vue:680 [script]
确认删除汇率？	src/views/basic/currency/index.vue:212 [script]
确认删除汇率类型？	src/views/basic/currency/index.vue:210 [script]
确认删除客户？	src/views/basic/customer/index.vue:362 [script]
确认设置	src/views/label/template/index.vue:163 [script]
确认执行补偿激活	src/views/workflow/governance/compensation/index.vue:248 [script]
确认执行超时重试	src/views/workflow/governance/compensation/index.vue:264 [script]
确认重置	src/views/system/userTableConfig/index.vue:475 [script]
群众	src/views/system/user/components/UserProfileForm.vue:16 [text]
任务ID	src/views/integrationPlatform/apiCallLog/components/ApiCallLogDetailDialog.vue:34 [attr:label]
如 1	src/views/system/encodeRule/components/EncodeRuleFormDialog.vue:136 [attr:placeholder]
如 6	src/views/system/encodeRule/components/EncodeRuleFormDialog.vue:149 [attr:placeholder]
上传版本	src/views/system/androidVersion/index.vue:12 [text]
设备标签	src/views/label/template/components/TemplateFormDialog.vue:60 [text]
设备标识标签	src/views/label/print/index.vue:16 [text]
设为默认	src/views/label/template/components/TemplateFormDialog.vue:93 [attr:label]
审查中	src/views/basic/supplier/index.vue:449 [script]
审批管理	src/views/system/config/index.vue:1072 [script]
审批中	src/views/basic/customer/index.vue:234 [script]
失败原因	src/views/system/loginLog/index.vue:52 [script]
事业单位	src/views/basic/customer/index.vue:243 [script]
是否默认	src/views/system/user/components/UserDetail.vue:153 [script]
输入工程卡号自动填充	src/views/label/print/index.vue:76 [attr:placeholder]
数量	src/views/label/template/components/LabelTemplateEditor.vue:268 [script]
说明	src/views/system/userTableConfig/index.vue:30 [attr:message]
硕士	src/views/system/user/components/UserProfileForm.vue:38 [text]
淘汰	src/views/basic/supplier/index.vue:438 [script]
添加 客户 租户	src/views/auth/init-wizard/index.vue:74 [text]
添加 Forgex 租户	src/views/auth/init-wizard/index.vue:73 [text]
停用	src/views/basic/material/index.vue:199 [script]
通知	src/views/system/message/index.vue:7 [text]
同步第三方	src/views/basic/supplier/index.vue:15 [text]
统一维护供应商共享主数据，并为租户创建、接口同步和资质审查提供数据来源。	src/views/basic/supplier/index.vue:7 [text]
统一维护全部物料，并按物料类型快速筛选。	src/views/basic/material/index.vue:7 [text]
统一维护物料的包装方式信息，支持多种包装规格和材质配置。	src/views/basic/packaging/index.vue:7 [text]
图片验证码	src/views/auth/init-wizard/index.vue:28 [text]
维护 ISO 币种、汇率类型、汇率生效记录和操作日志。	src/views/basic/currency/index.vue:7 [text]
维护客户基础信息、联系人、发票抬头、经营扩展信息和客户租户关联。	src/views/basic/customer/index.vue:7 [text]
未读	src/views/system/message/index.vue:14 [text]
未审查	src/views/basic/supplier/index.vue:448 [script]
未提交	src/views/basic/customer/index.vue:233 [script]
无	src/views/auth/init-wizard/index.vue:80 [text]
无党派人士	src/views/system/user/components/UserProfileForm.vue:20 [text]
无需审查	src/views/basic/supplier/index.vue:447 [script]
物料	src/views/label/print/index.vue:47 [attr:label]
物料管理	src/views/basic/material/index.vue:6 [text]
物料管理（原材料）	src/views/basic/material/raw/index.vue:6 [text]
系统管理	src/views/system/config/index.vue:1078 [script]
系统管理员	src/views/auth/init-wizard/index.vue:64 [text]
显示	src/views/system/userTableConfig/index.vue:276 [script]
响应编码	src/views/integrationPlatform/apiCallLog/components/ApiCallLogDetailDialog.vue:40 [attr:label]
响应结果	src/views/system/operationLog/index.vue:163 [script]
响应状态	src/views/system/operationLog/index.vue:162 [script]
消息类型	src/views/system/message/index.vue:5 [attr:label]
小微客户	src/views/basic/customer/index.vue:228 [script]
小学	src/views/system/user/components/UserProfileForm.vue:32 [text]
新增半成品	src/views/basic/material/semi-finished/index.vue:11 [text]
新增绑定	src/views/label/binding/index.vue:12 [text]
新增包装	src/views/basic/packaging/index.vue:11 [text]
新增币种	src/views/basic/currency/index.vue:10 [text]
新增成品	src/views/basic/material/finished/index.vue:11 [text]
新增供应商	src/views/basic/supplier/index.vue:16 [text]
新增汇率	src/views/basic/currency/index.vue:12 [text]
新增汇率类型	src/views/basic/currency/index.vue:11 [text]
新增客户	src/views/basic/customer/index.vue:10 [text]
新增模板	src/views/label/template/index.vue:13 [text]
新增物料	src/views/basic/material/index.vue:11 [text]
新增原材料	src/views/basic/material/raw/index.vue:11 [text]
新增字典	src/views/system/dict/index.vue:14 [text]
信用/风险	src/views/basic/supplier/index.vue:531 [script]
选择用户与角色，配置租户与关联关系	src/views/auth/init-wizard/index.vue:49 [text]
验证码	src/views/auth/init-wizard/index.vue:24 [text]
一般	src/views/basic/supplier/index.vue:444 [script]
移动	src/views/system/userTableConfig/index.vue:288 [script]
已读	src/views/system/message/index.vue:15 [text]
已审查	src/views/basic/supplier/index.vue:450 [script]
已通过	src/views/basic/customer/index.vue:235 [script]
以下为报表预览效果，可通过 URL 参数传递查询条件。	src/views/report/components/ReportPreview.vue:15 [attr:description]
银牌	src/views/basic/customer/index.vue:249 [script]
用户	src/views/auth/init-wizard/index.vue:52 [text]
用户、角色、租户初始化	src/views/auth/init-wizard/index.vue:48 [text]
用户分页大小	src/views/system/userTableConfig/index.vue:229 [script]
用户详情	src/views/system/user/components/UserDetail.vue:4 [attr:title]
预警	src/views/system/message/index.vue:8 [text]
预览	src/views/label/print/index.vue:88 [text]
在报表设计器中完成设计后，请点击保存按钮。关闭此窗口将自动刷新列表。	src/views/report/components/ReportDesigner.vue:16 [attr:description]
暂停	src/views/basic/supplier/index.vue:437 [script]
暂无资质	src/views/workflow/form/SupplierReviewForm.vue:47 [attr:description]
战略	src/views/basic/supplier/index.vue:442 [script]
战略客户	src/views/basic/customer/index.vue:225 [script]
正式	src/views/basic/supplier/index.vue:436 [script]
政府机构	src/views/basic/customer/index.vue:244 [script]
智能匹配	src/views/label/binding/index.vue:15 [text]
中共党员	src/views/system/user/components/UserProfileForm.vue:18 [text]
中专	src/views/system/user/components/UserProfileForm.vue:35 [text]
重点客户	src/views/basic/customer/index.vue:226 [script]
重置	src/views/label/print/index.vue:93 [text]
主信息	src/views/system/encodeRule/components/EncodeRuleFormDialog.vue:18 [attr:tab]
资质摘要	src/views/workflow/form/SupplierReviewForm.vue:46 [text]
字典值	src/views/system/dict/index.vue:142 [script]
字段值	src/views/label/record/index.vue:306 [script]
自动通过	src/views/workflow/taskConfig/nodes.vue:588 [script]
自动转交	src/views/workflow/taskConfig/nodes.vue:589 [script]
租户 ID	src/views/system/user/components/UserDetail.vue:152 [script]
租户标识	src/views/auth/init-wizard/index.vue:224 [script]
租户配置	src/views/system/tableConfig/index.vue:18 [text]
组织架构	src/views/system/position/index.vue:7 [text]
组装后参数	src/views/integrationPlatform/apiCallLog/components/ApiCallLogDetailDialog.vue:66 [text]
组装前参数	src/views/integrationPlatform/apiCallLog/components/ApiCallLogDetailDialog.vue:56 [text]
最后登录 IP	src/views/system/online/index.vue:109 [script]
最后登录地区	src/views/system/user/components/UserDetail.vue:52 [attr:label]
最后登录IP	src/views/system/user/components/UserDetail.vue:49 [attr:label]
最后更新时间	src/views/system/userTableConfig/index.vue:248 [script]
最后使用时间	src/views/system/user/components/UserDetail.vue:154 [script]
admin（默认）	src/views/auth/init-wizard/index.vue:54 [text]
B端菜单	src/views/system/role/MenuGrant.vue:29 [attr:tab]
C端菜单	src/views/system/role/MenuGrant.vue:30 [attr:tab]
custom 客户账号	src/views/auth/init-wizard/index.vue:57 [text]
dev 系统开发者	src/views/auth/init-wizard/index.vue:55 [text]
LOT号	src/views/label/record/index.vue:149 [script]
LOT批次标签	src/views/label/print/index.vue:10 [text]
PQ外箱标签	src/views/label/print/index.vue:13 [text]
SPQ内箱标签	src/views/label/print/index.vue:12 [text]
test 系统测试员	src/views/auth/init-wizard/index.vue:56 [text]